Pipeline,Test,Num Decks,Batch Size,Mean Time (s),Std Time (s),Memory (MB)
Decks,Deck Generation,2000000,100000,1.7884122758005105,0.04919685398398182,832.0
Decks,Disk Write,2000000,100000,0.6492313275994093,0.1173681605648881,832.0
Decks,Disk Read,2000000,100000,0.026600070399581455,0.022299962510132616,832.0
Seeds,Seed Generation,2000000,-,0.03166103519979515,0.0065277478184605255,16.0
Seeds,Deck Rebuild (from seed),1,-,6.231279985513538e-05,5.355759146789907e-05,5.2e-05
Seeds,Compute Scores,2000000,-,0.5359509095993417,0.0836809421936526,0.08
