Pipeline,Test,Num Decks,Batch Size,Mean Time (s),Std Time (s),Memory (MB)
Decks,Deck Generation,2000000,100000,2.1234200531998795,0.23074363845679946,832.0
Decks,Disk Write,2000000,100000,0.6533848213992315,0.1084197032494035,832.0
Decks,Disk Read,2000000,100000,0.027020454399826123,0.02482018715176039,832.0
Seeds,Seed Generation,2000000,-,0.034115966600438696,0.009559730005418453,16.0
Seeds,Deck Rebuild (from seed),1,-,0.0013096009995933855,0.002391021126810574,5.2e-05
Seeds,Compute Scores,2000000,-,0.5568553307995898,0.02561514103554371,0.08
